-- ============================================================
-- TIPL Fantasy Cricket — Seed Data (IPL 2026)
-- ============================================================

-- ============================================================
-- 10 IPL TEAMS
-- ============================================================
INSERT INTO teams (id, name, short_name, color) VALUES
  ('a1000001-0000-0000-0000-000000000001', 'Chennai Super Kings',       'CSK',  '#FDB913'),
  ('a1000001-0000-0000-0000-000000000002', 'Delhi Capitals',            'DC',   '#004C93'),
  ('a1000001-0000-0000-0000-000000000003', 'Gujarat Titans',            'GT',   '#1C1C1C'),
  ('a1000001-0000-0000-0000-000000000004', 'Kolkata Knight Riders',     'KKR',  '#3A225D'),
  ('a1000001-0000-0000-0000-000000000005', 'Lucknow Super Giants',      'LSG',  '#A72056'),
  ('a1000001-0000-0000-0000-000000000006', 'Mumbai Indians',            'MI',   '#004BA0'),
  ('a1000001-0000-0000-0000-000000000007', 'Rajasthan Royals',          'RR',   '#EA1A85'),
  ('a1000001-0000-0000-0000-000000000008', 'Royal Challengers Bengaluru','RCB', '#EC1C24'),
  ('a1000001-0000-0000-0000-000000000009', 'Sunrisers Hyderabad',       'SRH',  '#FF822A'),
  ('a1000001-0000-0000-0000-000000000010', 'Punjab Kings',              'PBKS', '#ED1B24');

-- ============================================================
-- PLAYERS (15 per team = 150 total)
-- ============================================================

-- CSK
INSERT INTO players (name, team_id, role) VALUES
  ('Ruturaj Gaikwad',    'a1000001-0000-0000-0000-000000000001', 'BAT'),
  ('Devon Conway',       'a1000001-0000-0000-0000-000000000001', 'BAT'),
  ('Shivam Dube',        'a1000001-0000-0000-0000-000000000001', 'AR'),
  ('Ravindra Jadeja',    'a1000001-0000-0000-0000-000000000001', 'AR'),
  ('MS Dhoni',           'a1000001-0000-0000-0000-000000000001', 'WK'),
  ('Rachin Ravindra',    'a1000001-0000-0000-0000-000000000001', 'BAT'),
  ('Deepak Chahar',      'a1000001-0000-0000-0000-000000000001', 'BOWL'),
  ('Tushar Deshpande',   'a1000001-0000-0000-0000-000000000001', 'BOWL'),
  ('Matheesha Pathirana', 'a1000001-0000-0000-0000-000000000001', 'BOWL'),
  ('Maheesh Theekshana', 'a1000001-0000-0000-0000-000000000001', 'BOWL'),
  ('Sameer Rizvi',       'a1000001-0000-0000-0000-000000000001', 'BAT'),
  ('Shaik Rasheed',      'a1000001-0000-0000-0000-000000000001', 'BAT'),
  ('Nishant Sindhu',     'a1000001-0000-0000-0000-000000000001', 'AR'),
  ('Simarjeet Singh',    'a1000001-0000-0000-0000-000000000001', 'BOWL'),
  ('Avanish Rao Aravelly','a1000001-0000-0000-0000-000000000001', 'WK');

-- DC
INSERT INTO players (name, team_id, role) VALUES
  ('David Warner',       'a1000001-0000-0000-0000-000000000002', 'BAT'),
  ('Jake Fraser-McGurk', 'a1000001-0000-0000-0000-000000000002', 'BAT'),
  ('Rishabh Pant',       'a1000001-0000-0000-0000-000000000002', 'WK'),
  ('Axar Patel',         'a1000001-0000-0000-0000-000000000002', 'AR'),
  ('Tristan Stubbs',     'a1000001-0000-0000-0000-000000000002', 'BAT'),
  ('Abishek Porel',      'a1000001-0000-0000-0000-000000000002', 'WK'),
  ('Kuldeep Yadav',      'a1000001-0000-0000-0000-000000000002', 'BOWL'),
  ('Anrich Nortje',      'a1000001-0000-0000-0000-000000000002', 'BOWL'),
  ('Mukesh Kumar',       'a1000001-0000-0000-0000-000000000002', 'BOWL'),
  ('Khaleel Ahmed',      'a1000001-0000-0000-0000-000000000002', 'BOWL'),
  ('Mitchell Marsh',     'a1000001-0000-0000-0000-000000000002', 'AR'),
  ('Shai Hope',          'a1000001-0000-0000-0000-000000000002', 'BAT'),
  ('Karun Nair',         'a1000001-0000-0000-0000-000000000002', 'BAT'),
  ('Faf du Plessis',     'a1000001-0000-0000-0000-000000000002', 'BAT'),
  ('Ishant Sharma',      'a1000001-0000-0000-0000-000000000002', 'BOWL');

-- GT
INSERT INTO players (name, team_id, role) VALUES
  ('Shubman Gill',       'a1000001-0000-0000-0000-000000000003', 'BAT'),
  ('Sai Sudharsan',      'a1000001-0000-0000-0000-000000000003', 'BAT'),
  ('Jos Buttler',        'a1000001-0000-0000-0000-000000000003', 'WK'),
  ('Rashid Khan',        'a1000001-0000-0000-0000-000000000003', 'AR'),
  ('Rahul Tewatia',      'a1000001-0000-0000-0000-000000000003', 'AR'),
  ('David Miller',       'a1000001-0000-0000-0000-000000000003', 'BAT'),
  ('Mohammed Shami',     'a1000001-0000-0000-0000-000000000003', 'BOWL'),
  ('Kagiso Rabada',      'a1000001-0000-0000-0000-000000000003', 'BOWL'),
  ('Noor Ahmad',         'a1000001-0000-0000-0000-000000000003', 'BOWL'),
  ('Azmatullah Omarzai', 'a1000001-0000-0000-0000-000000000003', 'AR'),
  ('Wriddhiman Saha',    'a1000001-0000-0000-0000-000000000003', 'WK'),
  ('Shahrukh Khan',      'a1000001-0000-0000-0000-000000000003', 'BAT'),
  ('R Sai Kishore',      'a1000001-0000-0000-0000-000000000003', 'BOWL'),
  ('Umesh Yadav',        'a1000001-0000-0000-0000-000000000003', 'BOWL'),
  ('Jayant Yadav',       'a1000001-0000-0000-0000-000000000003', 'AR');

-- KKR
INSERT INTO players (name, team_id, role) VALUES
  ('Sunil Narine',       'a1000001-0000-0000-0000-000000000004', 'AR'),
  ('Phil Salt',          'a1000001-0000-0000-0000-000000000004', 'WK'),
  ('Venkatesh Iyer',     'a1000001-0000-0000-0000-000000000004', 'AR'),
  ('Rinku Singh',        'a1000001-0000-0000-0000-000000000004', 'BAT'),
  ('Andre Russell',      'a1000001-0000-0000-0000-000000000004', 'AR'),
  ('Nitish Rana',        'a1000001-0000-0000-0000-000000000004', 'BAT'),
  ('Varun Chakaravarthy', 'a1000001-0000-0000-0000-000000000004', 'BOWL'),
  ('Harshit Rana',       'a1000001-0000-0000-0000-000000000004', 'BOWL'),
  ('Mitchell Starc',     'a1000001-0000-0000-0000-000000000004', 'BOWL'),
  ('Vaibhav Arora',      'a1000001-0000-0000-0000-000000000004', 'BOWL'),
  ('Ramandeep Singh',    'a1000001-0000-0000-0000-000000000004', 'AR'),
  ('Angkrish Raghuvanshi','a1000001-0000-0000-0000-000000000004', 'BAT'),
  ('Anukul Roy',         'a1000001-0000-0000-0000-000000000004', 'AR'),
  ('Gus Atkinson',       'a1000001-0000-0000-0000-000000000004', 'BOWL'),
  ('Manish Pandey',      'a1000001-0000-0000-0000-000000000004', 'BAT');

-- LSG
INSERT INTO players (name, team_id, role) VALUES
  ('KL Rahul',           'a1000001-0000-0000-0000-000000000005', 'WK'),
  ('Quinton de Kock',    'a1000001-0000-0000-0000-000000000005', 'WK'),
  ('Nicholas Pooran',    'a1000001-0000-0000-0000-000000000005', 'WK'),
  ('Marcus Stoinis',     'a1000001-0000-0000-0000-000000000005', 'AR'),
  ('Krunal Pandya',      'a1000001-0000-0000-0000-000000000005', 'AR'),
  ('Devdutt Padikkal',   'a1000001-0000-0000-0000-000000000005', 'BAT'),
  ('Ravi Bishnoi',       'a1000001-0000-0000-0000-000000000005', 'BOWL'),
  ('Mark Wood',          'a1000001-0000-0000-0000-000000000005', 'BOWL'),
  ('Mohsin Khan',        'a1000001-0000-0000-0000-000000000005', 'BOWL'),
  ('Naveen ul Haq',      'a1000001-0000-0000-0000-000000000005', 'BOWL'),
  ('Ayush Badoni',       'a1000001-0000-0000-0000-000000000005', 'BAT'),
  ('Deepak Hooda',       'a1000001-0000-0000-0000-000000000005', 'AR'),
  ('Yudhvir Singh',      'a1000001-0000-0000-0000-000000000005', 'BOWL'),
  ('Arshin Kulkarni',    'a1000001-0000-0000-0000-000000000005', 'BAT'),
  ('Manan Vohra',        'a1000001-0000-0000-0000-000000000005', 'BAT');

-- MI
INSERT INTO players (name, team_id, role) VALUES
  ('Rohit Sharma',       'a1000001-0000-0000-0000-000000000006', 'BAT'),
  ('Ishan Kishan',       'a1000001-0000-0000-0000-000000000006', 'WK'),
  ('Suryakumar Yadav',   'a1000001-0000-0000-0000-000000000006', 'BAT'),
  ('Tilak Varma',        'a1000001-0000-0000-0000-000000000006', 'BAT'),
  ('Hardik Pandya',      'a1000001-0000-0000-0000-000000000006', 'AR'),
  ('Tim David',          'a1000001-0000-0000-0000-000000000006', 'BAT'),
  ('Jasprit Bumrah',     'a1000001-0000-0000-0000-000000000006', 'BOWL'),
  ('Trent Boult',        'a1000001-0000-0000-0000-000000000006', 'BOWL'),
  ('Piyush Chawla',      'a1000001-0000-0000-0000-000000000006', 'BOWL'),
  ('Akash Madhwal',      'a1000001-0000-0000-0000-000000000006', 'BOWL'),
  ('Naman Dhir',         'a1000001-0000-0000-0000-000000000006', 'AR'),
  ('Dewald Brevis',      'a1000001-0000-0000-0000-000000000006', 'BAT'),
  ('Nuwan Thushara',     'a1000001-0000-0000-0000-000000000006', 'BOWL'),
  ('Gerald Coetzee',     'a1000001-0000-0000-0000-000000000006', 'BOWL'),
  ('Nehal Wadhera',      'a1000001-0000-0000-0000-000000000006', 'BAT');

-- RR
INSERT INTO players (name, team_id, role) VALUES
  ('Sanju Samson',       'a1000001-0000-0000-0000-000000000007', 'WK'),
  ('Yashasvi Jaiswal',   'a1000001-0000-0000-0000-000000000007', 'BAT'),
  ('Shimron Hetmyer',    'a1000001-0000-0000-0000-000000000007', 'BAT'),
  ('Dhruv Jurel',        'a1000001-0000-0000-0000-000000000007', 'WK'),
  ('Riyan Parag',        'a1000001-0000-0000-0000-000000000007', 'AR'),
  ('Ravichandran Ashwin', 'a1000001-0000-0000-0000-000000000007', 'BOWL'),
  ('Trent Boult',        'a1000001-0000-0000-0000-000000000007', 'BOWL'),
  ('Yuzvendra Chahal',   'a1000001-0000-0000-0000-000000000007', 'BOWL'),
  ('Sandeep Sharma',     'a1000001-0000-0000-0000-000000000007', 'BOWL'),
  ('Avesh Khan',         'a1000001-0000-0000-0000-000000000007', 'BOWL'),
  ('Shubham Dubey',      'a1000001-0000-0000-0000-000000000007', 'BAT'),
  ('Kunal Rathore',      'a1000001-0000-0000-0000-000000000007', 'BAT'),
  ('Wanindu Hasaranga',  'a1000001-0000-0000-0000-000000000007', 'AR'),
  ('Nandre Burger',      'a1000001-0000-0000-0000-000000000007', 'BOWL'),
  ('Tom Kohler-Cadmore', 'a1000001-0000-0000-0000-000000000007', 'BAT');

-- RCB
INSERT INTO players (name, team_id, role) VALUES
  ('Virat Kohli',        'a1000001-0000-0000-0000-000000000008', 'BAT'),
  ('Rajat Patidar',      'a1000001-0000-0000-0000-000000000008', 'BAT'),
  ('Glenn Maxwell',      'a1000001-0000-0000-0000-000000000008', 'AR'),
  ('Dinesh Karthik',     'a1000001-0000-0000-0000-000000000008', 'WK'),
  ('Cameron Green',      'a1000001-0000-0000-0000-000000000008', 'AR'),
  ('Mahipal Lomror',     'a1000001-0000-0000-0000-000000000008', 'AR'),
  ('Mohammed Siraj',     'a1000001-0000-0000-0000-000000000008', 'BOWL'),
  ('Josh Hazlewood',     'a1000001-0000-0000-0000-000000000008', 'BOWL'),
  ('Wanindu Hasaranga',  'a1000001-0000-0000-0000-000000000008', 'AR'),
  ('Yash Dayal',         'a1000001-0000-0000-0000-000000000008', 'BOWL'),
  ('Reece Topley',       'a1000001-0000-0000-0000-000000000008', 'BOWL'),
  ('Anuj Rawat',         'a1000001-0000-0000-0000-000000000008', 'WK'),
  ('Suyash Prabhudessai','a1000001-0000-0000-0000-000000000008', 'BAT'),
  ('Karn Sharma',        'a1000001-0000-0000-0000-000000000008', 'BOWL'),
  ('Swapnil Singh',      'a1000001-0000-0000-0000-000000000008', 'AR');

-- SRH
INSERT INTO players (name, team_id, role) VALUES
  ('Travis Head',        'a1000001-0000-0000-0000-000000000009', 'BAT'),
  ('Abhishek Sharma',    'a1000001-0000-0000-0000-000000000009', 'AR'),
  ('Heinrich Klaasen',   'a1000001-0000-0000-0000-000000000009', 'WK'),
  ('Aiden Markram',      'a1000001-0000-0000-0000-000000000009', 'BAT'),
  ('Pat Cummins',        'a1000001-0000-0000-0000-000000000009', 'BOWL'),
  ('Bhuvneshwar Kumar',  'a1000001-0000-0000-0000-000000000009', 'BOWL'),
  ('T Natarajan',        'a1000001-0000-0000-0000-000000000009', 'BOWL'),
  ('Shahbaz Ahmed',      'a1000001-0000-0000-0000-000000000009', 'AR'),
  ('Marco Jansen',       'a1000001-0000-0000-0000-000000000009', 'AR'),
  ('Rahul Tripathi',     'a1000001-0000-0000-0000-000000000009', 'BAT'),
  ('Glenn Phillips',     'a1000001-0000-0000-0000-000000000009', 'WK'),
  ('Mayank Agarwal',     'a1000001-0000-0000-0000-000000000009', 'BAT'),
  ('Umran Malik',        'a1000001-0000-0000-0000-000000000009', 'BOWL'),
  ('Jaydev Unadkat',     'a1000001-0000-0000-0000-000000000009', 'BOWL'),
  ('Washington Sundar',  'a1000001-0000-0000-0000-000000000009', 'AR');

-- PBKS
INSERT INTO players (name, team_id, role) VALUES
  ('Shikhar Dhawan',     'a1000001-0000-0000-0000-000000000010', 'BAT'),
  ('Jonny Bairstow',     'a1000001-0000-0000-0000-000000000010', 'WK'),
  ('Liam Livingstone',   'a1000001-0000-0000-0000-000000000010', 'AR'),
  ('Sam Curran',         'a1000001-0000-0000-0000-000000000010', 'AR'),
  ('Jitesh Sharma',      'a1000001-0000-0000-0000-000000000010', 'WK'),
  ('Prabhsimran Singh',  'a1000001-0000-0000-0000-000000000010', 'BAT'),
  ('Arshdeep Singh',     'a1000001-0000-0000-0000-000000000010', 'BOWL'),
  ('Kagiso Rabada',      'a1000001-0000-0000-0000-000000000010', 'BOWL'),
  ('Rahul Chahar',       'a1000001-0000-0000-0000-000000000010', 'BOWL'),
  ('Harshal Patel',      'a1000001-0000-0000-0000-000000000010', 'BOWL'),
  ('Rilee Rossouw',      'a1000001-0000-0000-0000-000000000010', 'BAT'),
  ('Ashutosh Sharma',    'a1000001-0000-0000-0000-000000000010', 'BAT'),
  ('Harpreet Brar',      'a1000001-0000-0000-0000-000000000010', 'AR'),
  ('Nathan Ellis',       'a1000001-0000-0000-0000-000000000010', 'BOWL'),
  ('Vidwath Kaverappa',  'a1000001-0000-0000-0000-000000000010', 'BOWL');

-- ============================================================
-- SCORING RULES (24 rules)
-- ============================================================
INSERT INTO scoring_rules (category, name, label, points) VALUES
  -- Batting
  ('batting',  'run',             'Per Run',                   1),
  ('batting',  'four_bonus',      'Boundary Bonus (4s)',       1),
  ('batting',  'six_bonus',       'Six Bonus',                 2),
  ('batting',  'thirty',          '30 Run Bonus',              4),
  ('batting',  'half_century',    'Half Century Bonus',       8),
  ('batting',  'century',         'Century Bonus',            16),
  ('batting',  'duck',            'Duck',                     -2),
  ('batting',  'sr_above_170',    'SR > 170 (min 10 balls)',   6),
  ('batting',  'sr_150_170',      'SR 150-170 (min 10 balls)', 4),
  ('batting',  'sr_below_70',     'SR < 70 (min 10 balls)',   -6),
  ('batting',  'sr_70_80',        'SR 70-80 (min 10 balls)',  -4),
  -- Bowling
  ('bowling',  'wicket',          'Per Wicket',               25),
  ('bowling',  'maiden',          'Maiden Over',              12),
  ('bowling',  'three_wicket_haul','3 Wicket Haul Bonus',     4),
  ('bowling',  'four_wicket_haul', '4 Wicket Haul Bonus',     8),
  ('bowling',  'five_wicket_haul', '5 Wicket Haul Bonus',    16),
  ('bowling',  'econ_below_5',    'Econ < 5 (min 2 overs)',    6),
  ('bowling',  'econ_5_6',        'Econ 5-6 (min 2 overs)',    4),
  ('bowling',  'econ_10_11',      'Econ 10-11 (min 2 overs)', -4),
  ('bowling',  'econ_above_11',   'Econ > 11 (min 2 overs)',  -6),
  -- Fielding
  ('fielding', 'catch',           'Per Catch',                 8),
  ('fielding', 'stumping',        'Per Stumping',             12),
  ('fielding', 'run_out',         'Per Run Out',               6),
  ('fielding', 'three_catch_bonus','3+ Catches Bonus',         4);

-- ============================================================
-- IPL 2026 MATCH FIXTURES (first 20 matches, starting March 21)
-- Full 70-match schedule to be loaded via CricAPI later
-- ============================================================

-- Abbreviations: CSK=01, DC=02, GT=03, KKR=04, LSG=05, MI=06, RR=07, RCB=08, SRH=09, PBKS=10

INSERT INTO matches (match_number, team_home_id, team_away_id, venue, start_time) VALUES
  (1,  'a1000001-0000-0000-0000-000000000004', 'a1000001-0000-0000-0000-000000000006', 'Eden Gardens, Kolkata',          '2026-03-21 19:30:00+05:30'),
  (2,  'a1000001-0000-0000-0000-000000000001', 'a1000001-0000-0000-0000-000000000008', 'MA Chidambaram Stadium, Chennai', '2026-03-22 19:30:00+05:30'),
  (3,  'a1000001-0000-0000-0000-000000000009', 'a1000001-0000-0000-0000-000000000007', 'Rajiv Gandhi Intl Stadium, Hyderabad', '2026-03-23 15:30:00+05:30'),
  (4,  'a1000001-0000-0000-0000-000000000003', 'a1000001-0000-0000-0000-000000000010', 'Narendra Modi Stadium, Ahmedabad','2026-03-23 19:30:00+05:30'),
  (5,  'a1000001-0000-0000-0000-000000000005', 'a1000001-0000-0000-0000-000000000002', 'Ekana Stadium, Lucknow',         '2026-03-24 19:30:00+05:30'),
  (6,  'a1000001-0000-0000-0000-000000000006', 'a1000001-0000-0000-0000-000000000001', 'Wankhede Stadium, Mumbai',       '2026-03-25 19:30:00+05:30'),
  (7,  'a1000001-0000-0000-0000-000000000008', 'a1000001-0000-0000-0000-000000000004', 'M.Chinnaswamy Stadium, Bengaluru','2026-03-26 19:30:00+05:30'),
  (8,  'a1000001-0000-0000-0000-000000000002', 'a1000001-0000-0000-0000-000000000009', 'Arun Jaitley Stadium, Delhi',    '2026-03-27 19:30:00+05:30'),
  (9,  'a1000001-0000-0000-0000-000000000007', 'a1000001-0000-0000-0000-000000000003', 'SMS Stadium, Jaipur',            '2026-03-28 19:30:00+05:30'),
  (10, 'a1000001-0000-0000-0000-000000000010', 'a1000001-0000-0000-0000-000000000005', 'PCA Stadium, Mohali',            '2026-03-29 15:30:00+05:30'),
  (11, 'a1000001-0000-0000-0000-000000000004', 'a1000001-0000-0000-0000-000000000002', 'Eden Gardens, Kolkata',          '2026-03-29 19:30:00+05:30'),
  (12, 'a1000001-0000-0000-0000-000000000001', 'a1000001-0000-0000-0000-000000000003', 'MA Chidambaram Stadium, Chennai', '2026-03-30 19:30:00+05:30'),
  (13, 'a1000001-0000-0000-0000-000000000006', 'a1000001-0000-0000-0000-000000000009', 'Wankhede Stadium, Mumbai',       '2026-03-31 19:30:00+05:30'),
  (14, 'a1000001-0000-0000-0000-000000000008', 'a1000001-0000-0000-0000-000000000010', 'M.Chinnaswamy Stadium, Bengaluru','2026-04-01 19:30:00+05:30'),
  (15, 'a1000001-0000-0000-0000-000000000005', 'a1000001-0000-0000-0000-000000000007', 'Ekana Stadium, Lucknow',         '2026-04-02 19:30:00+05:30'),
  (16, 'a1000001-0000-0000-0000-000000000003', 'a1000001-0000-0000-0000-000000000004', 'Narendra Modi Stadium, Ahmedabad','2026-04-03 19:30:00+05:30'),
  (17, 'a1000001-0000-0000-0000-000000000009', 'a1000001-0000-0000-0000-000000000001', 'Rajiv Gandhi Intl Stadium, Hyderabad', '2026-04-04 19:30:00+05:30'),
  (18, 'a1000001-0000-0000-0000-000000000002', 'a1000001-0000-0000-0000-000000000006', 'Arun Jaitley Stadium, Delhi',    '2026-04-05 15:30:00+05:30'),
  (19, 'a1000001-0000-0000-0000-000000000007', 'a1000001-0000-0000-0000-000000000008', 'SMS Stadium, Jaipur',            '2026-04-05 19:30:00+05:30'),
  (20, 'a1000001-0000-0000-0000-000000000010', 'a1000001-0000-0000-0000-000000000004', 'PCA Stadium, Mohali',            '2026-04-06 19:30:00+05:30');
